ra_game_id,title,category,achievements,ra_hashes,status,local_roms,local_releases,dat_entries,dat_games,nointro_db_files,nointro_db_titles,local_sources,other_platform_db
9962,Sonic the Hedgehog,Official,23,4,local,4,"Sonic The Hedgehog (USA, Europe, Brazil) (En)",4,"Sonic The Hedgehog (USA, Europe, Brazil) (En)",0,,"nointro,retroachievements",
9996,King's Quest: Quest for the Crown,Official,32,1,local,1,King's Quest - Quest for the Crown (USA),4,King's Quest - Quest for the Crown (USA),0,,"nointro,retroachievements",
9997,Sonic the Hedgehog 2,Official,43,3,local,3,"Sonic The Hedgehog 2 (Europe, Brazil) (En) (Rev 1),Sonic The Hedgehog 2 (Europe, Brazil) (En)",8,"Sonic The Hedgehog 2 (Europe, Brazil) (En) (Rev 1),Sonic The Hedgehog 2 (Europe, Brazil) (En)",0,,"nointro,retroachievements",
9998,Alex Kidd in Miracle World,Official,124,8,local,8,"Alex Kidd in Miracle World (USA, Europe),Alex Kidd no Miracle World (Japan),[BIOS] Alex Kidd in Miracle World (USA, Europe, Brazil) (En),Alex Kidd in Miracle World (USA, Europe, Brazil) (En) (Rev 1)",16,"Alex Kidd in Miracle World (USA, Europe),Alex Kidd no Miracle World (Japan),[BIOS] Alex Kidd in Miracle World (USA, Europe, Brazil) (En),Alex Kidd in Miracle World (USA, Europe, Brazil) (En) (Rev 1)",0,,"nointro,retroachievements",
9999,Phantasy Star,Official,66,5,local,5,"Phantasy Star (USA, Europe) (Rev A),Phantasy Star (Brazil),Phantasy Star (USA, Europe)",12,"Phantasy Star (USA, Europe) (Rev A),Phantasy Star (Brazil),Phantasy Star (USA, Europe)",0,,"nointro,retroachievements",
10000,Power Strike,Official,16,2,local,2,"Aleste (Japan) (En),Power Strike (USA, Europe, Brazil) (En)",8,"Aleste (Japan) (En),Power Strike (USA, Europe, Brazil) (En)",0,,"nointro,retroachievements",
10001,Golvellius: Valley of Doom,Official,38,1,local,1,"Golvellius - Valley of Doom (USA, Europe, Brazil) (En)",4,"Golvellius - Valley of Doom (USA, Europe, Brazil) (En)",0,,"nointro,retroachievements",
10004,Golden Axe Warrior,Official,55,1,local,1,"Golden Axe Warrior (USA, Europe, Brazil) (En)",4,"Golden Axe Warrior (USA, Europe, Brazil) (En)",0,,"nointro,retroachievements",
10005,Alex Kidd in Shinobi World,Official,42,4,local,4,"Alex Kidd in Shinobi World (USA, Europe, Brazil) (En)",4,"Alex Kidd in Shinobi World (USA, Europe, Brazil) (En)",0,,"nointro,retroachievements",
10006,Rescue Mission,Official,28,1,local,1,"Rescue Mission (USA, Europe, Brazil) (En)",4,"Rescue Mission (USA, Europe, Brazil) (En)",0,,"nointro,retroachievements",
10007,Wonder Boy III: The Dragon's Trap,Official,54,5,local,5,"Turma da Monica em - O Resgate (Brazil),Wonder Boy III - The Dragon's Trap (USA, Europe)",8,"Turma da Monica em - O Resgate (Brazil),Wonder Boy III - The Dragon's Trap (USA, Europe)",0,,"nointro,retroachievements",
10009,Wonder Boy,Official,43,1,local,1,"Wonder Boy (USA, Europe, Brazil) (En) (Rev 1)",4,"Wonder Boy (USA, Europe, Brazil) (En) (Rev 1)",0,,"nointro,retroachievements",
10010,Sonic Chaos,Official,81,1,local,1,"Sonic Chaos (Europe, Brazil) (En)",4,"Sonic Chaos (Europe, Brazil) (En)",0,,"nointro,retroachievements",
10011,Kenseiden,Official,30,3,local,3,"Kenseiden (USA, Europe, Brazil) (En),Kenseiden (Japan)",8,"Kenseiden (USA, Europe, Brazil) (En),Kenseiden (Japan)",0,,"nointro,retroachievements",
10012,Rocky,Official,24,1,local,1,Rocky (World),4,Rocky (World),0,,"nointro,retroachievements",
10013,Land of Illusion starring Mickey Mouse,Official,37,1,local,1,"Land of Illusion Starring Mickey Mouse (Europe, Brazil) (En)",4,"Land of Illusion Starring Mickey Mouse (Europe, Brazil) (En)",0,,"nointro,retroachievements",
10014,Ninja Gaiden,Official,62,2,local,2,"Ninja Gaiden (Europe, Brazil) (En),Ninja Gaiden (Europe, Brazil) (En) (Beta)",8,"Ninja Gaiden (Europe, Brazil) (En),Ninja Gaiden (Europe, Brazil) (En) (Beta)",0,,"nointro,retroachievements",
10015,Vampire: Master of Darkness,Official,40,1,local,1,"Master of Darkness (Europe, Brazil) (En)",4,"Master of Darkness (Europe, Brazil) (En)",0,,"nointro,retroachievements",
10016,Aladdin,Official,14,3,local,2,"Aladdin (Europe, Brazil) (En)",4,"Aladdin (Europe, Brazil) (En)",0,,"nointro,retroachievements",
10020,Choplifter,Official,27,1,local,1,"Choplifter (USA, Europe, Brazil) (En)",4,"Choplifter (USA, Europe, Brazil) (En)",0,,"nointro,retroachievements",
10025,Fantasy Zone,Official,30,3,local,3,"Fantasy Zone (Japan) (En),Fantasy Zone (Taiwan) (En) (Unl),Fantasy Zone (World) (Rev 1)",12,"Fantasy Zone (Japan) (En),Fantasy Zone (Taiwan) (En) (Unl),Fantasy Zone (World) (Rev 1)",0,,"nointro,retroachievements",
10028,Tom and Jerry: The Movie,Official,20,1,local,1,"Tom and Jerry - The Movie (Europe, Brazil) (En)",4,"Tom and Jerry - The Movie (Europe, Brazil) (En)",0,,"nointro,retroachievements",
10032,Ultima IV: Quest of the Avatar,Official,70,1,local,1,"Ultima IV - Quest of the Avatar (Europe, Brazil) (En)",4,"Ultima IV - Quest of the Avatar (Europe, Brazil) (En)",0,,"nointro,retroachievements",
10033,Space Harrier,Official,27,1,local,1,"Space Harrier (Japan, USA) (En)",4,"Space Harrier (Japan, USA) (En)",0,,"nointro,retroachievements",
10034,Shinobi,Official,39,1,local,1,"Shinobi (USA, Europe, Brazil) (En) (Rev 1)",4,"Shinobi (USA, Europe, Brazil) (En) (Rev 1)",0,,"nointro,retroachievements",
10035,Quartet,Official,29,1,local,1,"Quartet (USA, Europe)",4,"Quartet (USA, Europe)",0,,"nointro,retroachievements",
10039,Ayrton Senna's Super Monaco GP II,Official,34,2,local,2,"Ayrton Senna's Super Monaco GP II (Europe, Brazil) (En)",4,"Ayrton Senna's Super Monaco GP II (Europe, Brazil) (En)",0,,"nointro,retroachievements",
10042,OutRun,Official,16,1,local,1,OutRun (World),4,OutRun (World),0,,"nointro,retroachievements",
10044,Alex Kidd: The Lost Stars,Official,37,1,local,1,Alex Kidd - The Lost Stars (World),4,Alex Kidd - The Lost Stars (World),0,,"nointro,retroachievements",
10045,Power Strike II,Official,41,1,local,1,"Power Strike II (Europe, Brazil) (En)",4,"Power Strike II (Europe, Brazil) (En)",0,,"nointro,retroachievements",
10046,Psycho Fox,Official,40,1,local,1,"Psycho Fox (USA, Europe, Brazil) (En)",4,"Psycho Fox (USA, Europe, Brazil) (En)",0,,"nointro,retroachievements",
10051,After Burner,Official,33,1,local,1,After Burner (World),4,After Burner (World),0,,"nointro,retroachievements",
10058,R-Type,Official,31,3,local,3,R-Type (World),4,R-Type (World),0,,"nointro,retroachievements",
10076,Taz-Mania,Official,14,1,local,1,"Taz-Mania (Europe, Brazil) (En)",4,"Taz-Mania (Europe, Brazil) (En)",0,,"nointro,retroachievements",
10122,Where in the World is Carmen Sandiego?,Official,9,1,local,1,Where in the World is Carmen Sandiego (USA),4,Where in the World is Carmen Sandiego (USA),0,,"nointro,retroachievements",
10191,Fantasy Zone II: The Tears of Opa-Opa,Official,52,1,local,1,"Fantasy Zone II (USA, Europe, Brazil) (En)",4,"Fantasy Zone II (USA, Europe, Brazil) (En)",0,,"nointro,retroachievements",
10203,Kung Fu Kid,Official,22,2,local,2,"Kung Fu Kid (USA, Europe, Brazil) (En)",4,"Kung Fu Kid (USA, Europe, Brazil) (En)",1,Sapo Xule - O Mestre do Kung Fu (Brazil),"nointro,retroachievements",
10205,Bonanza Bros.,Official,24,2,local,2,"Bonanza Bros. (Europe, Brazil) (En)",4,"Bonanza Bros. (Europe, Brazil) (En)",0,,"nointro,retroachievements",
10212,Monopoly,Official,32,1,local,1,"Monopoly (USA, Europe)",4,"Monopoly (USA, Europe)",0,,"nointro,retroachievements",
10219,Hang-On,Official,30,1,local,1,Hang On (Japan) (En),4,Hang On (Japan) (En),0,,"nointro,retroachievements",
10221,Alex Kidd: High-Tech World,Official,30,2,local,2,"Alex Kidd - High-Tech World (USA, Europe, Brazil) (En),Anmitsu Hime (Japan)",8,"Alex Kidd - High-Tech World (USA, Europe, Brazil) (En),Anmitsu Hime (Japan)",0,,"nointro,retroachievements",
10231,Fire & Ice,Official,36,1,local,1,Fire & Ice (Brazil) (En),4,Fire & Ice (Brazil) (En),0,,"nointro,retroachievements",
10257,ALF,Official,25,1,local,1,Alf (USA),4,Alf (USA),0,,"nointro,retroachievements",
10426,Double Dragon,Official,18,1,local,1,Double Dragon (World),4,Double Dragon (World),0,,"nointro,retroachievements",
10427,Vigilante,Official,14,1,local,1,"Vigilante (USA, Europe, Brazil) (En)",4,"Vigilante (USA, Europe, Brazil) (En)",0,,"nointro,retroachievements",
10428,Desert Speedtrap Starring Road Runner and Wile E. Coyote,Official,28,1,local,1,"Desert Speedtrap Starring Road Runner and Wile E. Coyote (Europe, Brazil) (En,Fr,De,Es,It)",4,"Desert Speedtrap Starring Road Runner and Wile E. Coyote (Europe, Brazil) (En,Fr,De,Es,It)",0,,nointro,
10439,Great Volleyball,Official,66,2,local,2,"Great Volleyball (Japan) (En),Great Volleyball (USA, Europe, Brazil) (En)",8,"Great Volleyball (Japan) (En),Great Volleyball (USA, Europe, Brazil) (En)",0,,"nointro,retroachievements",
10440,Rambo: First Blood Part 2,Official,29,2,local,2,"Secret Command (Europe),Rambo - First Blood Part II (USA)",8,"Secret Command (Europe),Rambo - First Blood Part II (USA)",0,,"nointro,retroachievements",
10443,Deep Duck Trouble starring Donald Duck,Official,34,1,local,1,"Deep Duck Trouble Starring Donald Duck (Europe, Brazil) (En)",4,"Deep Duck Trouble Starring Donald Duck (Europe, Brazil) (En)",0,,"nointro,retroachievements",
10554,Castle of Illusion starring Mickey Mouse,Official,41,1,local,1,"Castle of Illusion Starring Mickey Mouse (USA, Europe, Brazil) (En)",4,"Castle of Illusion Starring Mickey Mouse (USA, Europe, Brazil) (En)",0,,"nointro,retroachievements",
10556,Danan: The Jungle Fighter,Official,29,1,local,1,"Danan - The Jungle Fighter (Europe, Brazil) (En)",4,"Danan - The Jungle Fighter (Europe, Brazil) (En)",0,,"nointro,retroachievements",
10690,20 em 1,Official,20,1,local,1,20 em 1 (Brazil),4,20 em 1 (Brazil),0,,"nointro,retroachievements",
10691,California Games,Official,45,2,local,2,"California Games (USA, Europe, Brazil) (En)",4,"California Games (USA, Europe, Brazil) (En)",0,,"nointro,retroachievements",
10696,Cyborg Hunter,Official,43,2,local,2,"Cyborg Hunter (USA, Europe, Brazil) (En)",4,"Cyborg Hunter (USA, Europe, Brazil) (En)",0,,"nointro,retroachievements",
10698,Enduro Racer,Official,32,1,local,1,"Enduro Racer (USA, Europe, Brazil) (En)",4,"Enduro Racer (USA, Europe, Brazil) (En)",0,,"nointro,retroachievements",
10704,Gangster Town,Official,25,1,local,1,"Gangster Town (USA, Europe, Brazil) (En)",4,"Gangster Town (USA, Europe, Brazil) (En)",0,,nointro,
10705,Golden Axe,Official,25,1,local,1,"Golden Axe (USA, Europe, Brazil) (En)",4,"Golden Axe (USA, Europe, Brazil) (En)",0,,"nointro,retroachievements",
10708,Joe Montana Football,Official,14,1,local,1,"Joe Montana Football (USA, Europe, Brazil) (En)",4,"Joe Montana Football (USA, Europe, Brazil) (En)",0,,nointro,
10711,Lemmings,Official,46,1,local,1,"Lemmings (Europe, Brazil) (En)",4,"Lemmings (Europe, Brazil) (En)",0,,"nointro,retroachievements",
10712,Lord of the Sword,Official,40,2,local,2,"Lord of Sword (Japan),Lord of the Sword (USA, Europe, Brazil) (En)",8,"Lord of Sword (Japan),Lord of the Sword (USA, Europe, Brazil) (En)",0,,"nointro,retroachievements",
10713,~Homebrew~ Minesweeper,Homebrew,9,1,local,1,Mine Sweeper (World) (v1.1) (Aftermarket) (Unl),4,Mine Sweeper (World) (v1.1) (Aftermarket) (Unl),0,,nointro,
10714,The Lucky Dime Caper starring Donald Duck,Official,23,2,local,2,"Lucky Dime Caper Starring Donald Duck, The (Europe, Brazil) (En)",4,"Lucky Dime Caper Starring Donald Duck, The (Europe, Brazil) (En)",0,,"nointro,retroachievements",
10716,Zillion II: The Tri Formation,Official,29,1,local,1,Zillion II - The Tri Formation (World),4,Zillion II - The Tri Formation (World),0,,nointro,
10717,Ys: The Vanished Omens,Official,50,2,local,2,"Ys - The Vanished Omens (USA, Europe, Brazil) (En)",4,"Ys - The Vanished Omens (USA, Europe, Brazil) (En)",0,,"nointro,retroachievements",
10719,Wanted,Official,28,1,local,1,"Wanted (USA, Europe, Brazil) (En)",4,"Wanted (USA, Europe, Brazil) (En)",0,,nointro,
10723,Virtua Fighter Animation,Official,18,1,local,1,Virtua Fighter Animation (Brazil) (En),4,Virtua Fighter Animation (Brazil) (En),0,,"nointro,retroachievements",
10733,Street Fighter II,Official,32,1,local,1,Street Fighter II' (Brazil) (En),4,Street Fighter II' (Brazil) (En),0,,"nointro,retroachievements",
10735,Sonic Spinball,Official,36,1,local,1,"Sonic Spinball (Europe, Brazil) (En)",4,"Sonic Spinball (Europe, Brazil) (En)",0,,"nointro,retroachievements",
10736,Sonic Blast,Official,42,1,local,1,Sonic Blast (Brazil) (En),4,Sonic Blast (Brazil) (En),0,,"nointro,retroachievements",
10738,Mortal Kombat II,Official,25,2,local,1,"Mortal Kombat II (Europe, Brazil) (En)",4,"Mortal Kombat II (Europe, Brazil) (En)",0,,nointro,
10745,Aerial Assault,Official,20,2,local,2,"Aerial Assault (Europe, Brazil) (En),Aerial Assault (USA, Brazil) (En)",8,"Aerial Assault (Europe, Brazil) (En),Aerial Assault (USA, Brazil) (En)",0,,"nointro,retroachievements",
10747,Alien Syndrome,Official,39,2,local,2,"Alien Syndrome (USA, Europe, Brazil) (En),Alien Syndrome (Japan) (En)",8,"Alien Syndrome (USA, Europe, Brazil) (En),Alien Syndrome (Japan) (En)",0,,"nointro,retroachievements",
10748,Altered Beast,Official,15,2,local,2,"Altered Beast (USA, Europe, Brazil) (En)",4,"Altered Beast (USA, Europe, Brazil) (En)",0,,"nointro,retroachievements",
10750,Astérix,Official,83,1,local,1,"Asterix (Europe, Brazil) (En,Fr)",4,"Asterix (Europe, Brazil) (En,Fr)",0,,"nointro,retroachievements",
10751,Astérix and the Great Rescue,Official,58,1,local,1,"Asterix and the Great Rescue (Europe, Brazil) (En,Fr,De,Es,It)",4,"Asterix and the Great Rescue (Europe, Brazil) (En,Fr,De,Es,It)",0,,"nointro,retroachievements",
10753,Astro Warrior,Official,17,1,local,1,"Astro Warrior (Japan, USA, Brazil) (En)",4,"Astro Warrior (Japan, USA, Brazil) (En)",0,,"nointro,retroachievements",
10754,Air Rescue,Official,21,1,local,1,"Air Rescue (Europe, Brazil) (En)",4,"Air Rescue (Europe, Brazil) (En)",0,,"nointro,retroachievements",
10755,Baku Baku Animal,Official,33,1,local,1,Baku Baku (Brazil) (En),4,Baku Baku (Brazil) (En),0,,"nointro,retroachievements",
10756,Bank Panic,Official,11,1,local,1,"Bank Panic (Europe, Brazil) (En)",4,"Bank Panic (Europe, Brazil) (En)",0,,"nointro,retroachievements",
10757,Black Belt,Official,26,1,local,1,"Black Belt (USA, Europe, Brazil) (En)",4,"Black Belt (USA, Europe, Brazil) (En)",0,,"nointro,retroachievements",
10758,Final Bubble Bobble,Official,125,2,local,1,Final Bubble Bobble (Japan),4,Final Bubble Bobble (Japan),0,,nointro,
10759,Buggy Run,Official,25,1,local,1,"Buggy Run (Europe, Brazil) (En)",4,"Buggy Run (Europe, Brazil) (En)",0,,nointro,
10760,Bomber Raid,Official,19,1,local,1,Bomber Raid (World),4,Bomber Raid (World),0,,"nointro,retroachievements",
10763,Cool Spot,Official,26,1,local,1,Cool Spot (Europe),4,Cool Spot (Europe),0,,"nointro,retroachievements",
10764,The Cyber Shinobi,Official,30,1,local,1,"Cyber Shinobi, The (Europe, Brazil) (En)",4,"Cyber Shinobi, The (Europe, Brazil) (En)",0,,nointro,
10767,Dynamite Düx,Official,20,1,local,1,"Dynamite Dux (Europe, Brazil) (En)",4,"Dynamite Dux (Europe, Brazil) (En)",0,,nointro,
10770,Maze Hunter 3-D,Official,42,1,local,1,"Maze Hunter 3-D (USA, Europe, Brazil) (En)",4,"Maze Hunter 3-D (USA, Europe, Brazil) (En)",0,,"nointro,retroachievements",
10771,My Hero,Official,10,1,local,1,"My Hero (USA, Europe, Brazil) (En)",4,"My Hero (USA, Europe, Brazil) (En)",0,,"nointro,retroachievements",
10773,The Ninja,Official,15,1,local,1,"Ninja, The (USA, Europe, Brazil) (En)",4,"Ninja, The (USA, Europe, Brazil) (En)",0,,"nointro,retroachievements",
10776,Wonder Boy in Monster World,Official,53,1,local,1,Wonder Boy in Monster World (Europe),4,Wonder Boy in Monster World (Europe),0,,"nointro,retroachievements",
10777,Wonder Boy in Monster Land,Official,51,2,local,2,"Wonder Boy in Monster Land (USA, Europe),Monica no Castelo do Dragao (Brazil)",8,"Wonder Boy in Monster Land (USA, Europe),Monica no Castelo do Dragao (Brazil)",0,,"nointro,retroachievements",
10813,Road Rash,Official,65,1,local,1,"Road Rash (Europe, Brazil) (En)",4,"Road Rash (Europe, Brazil) (En)",0,,"nointro,retroachievements",
10814,Running Battle,Official,19,1,local,1,"Running Battle (Europe, Brazil) (En)",4,"Running Battle (Europe, Brazil) (En)",0,,"nointro,retroachievements",
10817,Montezuma's Revenge featuring Panama Joe,Official,37,1,local,1,Montezuma's Revenge Featuring Panama Joe (USA),4,Montezuma's Revenge Featuring Panama Joe (USA),0,,"nointro,retroachievements",
10818,Missile Defense 3-D,Official,24,1,local,1,"Missile Defense 3-D (USA, Europe, Brazil) (En)",4,"Missile Defense 3-D (USA, Europe, Brazil) (En)",0,,nointro,
10879,Fantasy Zone: The Maze,Official,67,1,local,1,"Fantasy Zone - The Maze (USA, Europe, Brazil) (En)",4,"Fantasy Zone - The Maze (USA, Europe, Brazil) (En)",0,,"nointro,retroachievements",
10880,E-SWAT,Official,26,1,local,1,"E-SWAT (USA, Europe, Brazil) (En) (Rev A)",4,"E-SWAT (USA, Europe, Brazil) (En) (Rev A)",0,,"nointro,retroachievements",
10889,Ghouls 'n Ghosts,Official,37,1,local,1,"Ghouls'n Ghosts (USA, Europe, Brazil) (En)",4,"Ghouls'n Ghosts (USA, Europe, Brazil) (En)",0,,nointro,
10898,Rastan,Official,23,1,local,1,"Rastan (USA, Europe, Brazil) (En)",4,"Rastan (USA, Europe, Brazil) (En)",0,,"nointro,retroachievements",
10922,~Hack~ Sonic the Hedgehog: Triple Trouble,Hack,16,1,local,1,,0,,0,,retroachievements,
10969,Zillion,Official,34,1,local,1,"Zillion (USA, Europe) (Rev 1)",4,"Zillion (USA, Europe) (Rev 1)",0,,"nointro,retroachievements",
11016,Basketball Nightmare,Official,13,1,local,1,"Basketball Nightmare (Europe, Brazil) (En)",4,"Basketball Nightmare (Europe, Brazil) (En)",0,,"nointro,retroachievements",
11497,Star Wars,Official,21,1,local,1,"Star Wars (Europe, Brazil) (En)",4,"Star Wars (Europe, Brazil) (En)",0,,nointro,
11501,Smash T.V.,Official,13,1,local,1,Super Smash T.V. (Europe),4,Super Smash T.V. (Europe),0,,"nointro,retroachievements",
11522,Alex Kidd: BMX Trial,Official,12,1,local,1,BMX Trial - Alex Kidd (Japan) (En),4,BMX Trial - Alex Kidd (Japan) (En),0,,"nointro,retroachievements",
11534,Jurassic Park,Official,35,1,local,1,"Jurassic Park (Europe, Brazil) (En)",4,"Jurassic Park (Europe, Brazil) (En)",0,,"nointro,retroachievements",
11559,Aztec Adventure: The Golden Road to Paradise,Official,51,1,local,1,Aztec Adventure (World),4,Aztec Adventure (World),0,,"nointro,retroachievements",
11578,Fantastic Dizzy,Official,29,1,local,1,"Fantastic Dizzy (Europe) (En,Fr,De,Es,It)",4,"Fantastic Dizzy (Europe) (En,Fr,De,Es,It)",0,,nointro,
11584,Trivial Pursuit,Official,8,1,local,1,"Trivial Pursuit - Genus Edition (Europe) (En,Fr,De,Es)",4,"Trivial Pursuit - Genus Edition (Europe) (En,Fr,De,Es)",0,,nointro,
11585,Streets of Rage 2,Official,22,1,local,1,"Streets of Rage II (Europe, Brazil) (En)",4,"Streets of Rage II (Europe, Brazil) (En)",0,,"nointro,retroachievements",
11586,Dragon Crystal,Official,64,1,local,1,"Dragon Crystal (Europe, Brazil) (En)",4,"Dragon Crystal (Europe, Brazil) (En)",0,,"nointro,retroachievements",
11589,Sítio do Picapau Amarelo,Official,18,1,local,1,Sitio do Picapau Amarelo (Brazil),4,Sitio do Picapau Amarelo (Brazil),0,,nointro,
11602,Shadow of the Beast,Official,21,1,local,1,"Shadow of the Beast (Europe, Brazil) (En)",4,"Shadow of the Beast (Europe, Brazil) (En)",0,,nointro,
11607,~Unlicensed~ Knightmare II: The Maze of Galious,Unlicensed,69,1,local,1,Knightmare II (Korea) (En) (Unl),4,Knightmare II (Korea) (En) (Unl),0,,"nointro,retroachievements",
11612,Snail Maze,Official,13,3,local,3,"[BIOS] Sega Master System (USA, Europe) (v1.3)",4,"[BIOS] Sega Master System (USA, Europe) (v1.3)",0,,"nointro,retroachievements",
11615,Captain Silver,Official,22,1,local,1,"Captain Silver (Japan, Europe, Brazil) (En)",4,"Captain Silver (Japan, Europe, Brazil) (En)",0,,nointro,
11629,Solomon no Kagi: Oujo Rihita no Namida,Official,50,1,local,1,Solomon no Kagi - Oujo Rihita no Namida (Japan),4,Solomon no Kagi - Oujo Rihita no Namida (Japan),0,,"nointro,retroachievements",
11638,Chapolim x Dracula: Um Duelo Assustador,Official,20,1,local,1,Chapolim x Dracula - Um Duelo Assustador (Brazil),4,Chapolim x Dracula - Um Duelo Assustador (Brazil),0,,nointro,
11657,Batman Returns,Official,25,1,local,1,"Batman Returns (Europe, Brazil) (En)",4,"Batman Returns (Europe, Brazil) (En)",0,,"nointro,retroachievements",
11659,Gain Ground,Official,82,1,local,1,"Gain Ground (Europe, Brazil) (En)",4,"Gain Ground (Europe, Brazil) (En)",0,,"nointro,retroachievements",
11660,Alien 3,Official,29,1,local,1,"Alien 3 (Europe, Brazil) (En)",4,"Alien 3 (Europe, Brazil) (En)",0,,"nointro,retroachievements",
11662,Time Soldiers,Official,54,1,local,1,"Time Soldiers (USA, Europe, Brazil) (En)",4,"Time Soldiers (USA, Europe, Brazil) (En)",0,,"nointro,retroachievements",
11667,~Unlicensed~ Super Boy II,Unlicensed,21,1,local,1,Super Boy II (Korea) (En) (Unl),4,Super Boy II (Korea) (En) (Unl),0,,"nointro,retroachievements",
11698,The Terminator,Official,13,1,local,1,"Terminator, The (Europe)",4,"Terminator, The (Europe)",0,,"nointro,retroachievements",
11819,Chuck Rock,Official,26,1,local,1,"Chuck Rock (Europe, Brazil) (En)",4,"Chuck Rock (Europe, Brazil) (En)",0,,nointro,
11827,~Homebrew~ Goblin Kart Rescue,Homebrew,32,1,local,1,Goblin Kart Rescue (World) (v1.0.3) (Aftermarket) (Unl),4,Goblin Kart Rescue (World) (v1.0.3) (Aftermarket) (Unl),0,,nointro,
11947,Mortal Kombat,Official,25,1,local,1,"Mortal Kombat (Europe, Brazil) (En)",4,"Mortal Kombat (Europe, Brazil) (En)",0,,"nointro,retroachievements",
11957,X-Men: Mojo World,Official,8,1,local,1,X-Men - Mojo World (Brazil) (En),4,X-Men - Mojo World (Brazil) (En),0,,nointro,
12417,Psychic World,Official,17,1,local,1,"Psychic World (Europe, Brazil) (En)",4,"Psychic World (Europe, Brazil) (En)",0,,"nointro,retroachievements",
12653,Legend of Illusion starring Mickey Mouse,Official,41,1,local,1,Legend of Illusion Starring Mickey Mouse (Brazil) (En),4,Legend of Illusion Starring Mickey Mouse (Brazil) (En),0,,"nointro,retroachievements",
12843,Miracle Warriors: Seal of the Dark Lord,Official,36,1,local,1,"Miracle Warriors - Seal of The Dark Lord (USA, Europe, Brazil) (En)",4,"Miracle Warriors - Seal of The Dark Lord (USA, Europe, Brazil) (En)",0,,"nointro,retroachievements",
12897,The Flintstones,Official,24,1,local,1,"Flintstones, The (Europe, Brazil) (En)",4,"Flintstones, The (Europe, Brazil) (En)",0,,"nointro,retroachievements",
13228,Ecco the Dolphin,Official,21,2,local,2,"Ecco the Dolphin (Europe, Brazil) (En)",4,"Ecco the Dolphin (Europe, Brazil) (En)",0,,"nointro,retroachievements",
13231,Micro Machines,Official,43,1,local,1,Micro Machines (Europe),4,Micro Machines (Europe),0,,"nointro,retroachievements",
13233,SpellCaster,Official,36,1,local,1,"SpellCaster (USA, Europe, Brazil) (En)",4,"SpellCaster (USA, Europe, Brazil) (En)",0,,nointro,
13481,Castelo Rá-Tim-Bum,Official,12,1,local,1,Castelo Ra-Tim-Bum (Brazil),4,Castelo Ra-Tim-Bum (Brazil),0,,"nointro,retroachievements",
14174,~Unlicensed~ Xyzolog,Unlicensed,33,1,local,1,Xyzolog (Korea) (En) (Unl),4,Xyzolog (Korea) (En) (Unl),0,,"nointro,retroachievements",
14363,Michael Jackson's Moonwalker,Official,37,1,local,1,"Michael Jackson's Moonwalker (USA, Europe, Brazil) (En)",4,"Michael Jackson's Moonwalker (USA, Europe, Brazil) (En)",0,,"nointro,retroachievements",
14364,Dr. Robotnik's Mean Bean Machine,Official,20,1,local,1,"Dr. Robotnik's Mean Bean Machine (Europe, Brazil) (En)",4,"Dr. Robotnik's Mean Bean Machine (Europe, Brazil) (En)",0,,"nointro,retroachievements",
14366,Rambo III,Official,17,1,local,1,"Rambo III (USA, Europe, Brazil) (En)",4,"Rambo III (USA, Europe, Brazil) (En)",0,,nointro,
14394,~Prototype~ Sonic's Edusoft,Prototype,19,1,local,1,Sonic's Edusoft (Europe) (Proto),4,Sonic's Edusoft (Europe) (Proto),0,,"nointro,retroachievements",
14468,~Homebrew~ Sudoku,Homebrew,6,1,local,1,Sudoku (World) (Proto) (Aftermarket) (Unl),4,Sudoku (World) (Proto) (Aftermarket) (Unl),0,,"nointro,retroachievements",
14469,~Homebrew~ Picross,Homebrew,21,1,local,1,Picross (World) (v1.01) (Aftermarket) (Unl),4,Picross (World) (v1.01) (Aftermarket) (Unl),0,,"nointro,retroachievements",
14622,Streets of Rage,Official,32,1,local,1,"Streets of Rage (Europe, Brazil) (En)",4,"Streets of Rage (Europe, Brazil) (En)",0,,"nointro,retroachievements",
14672,~Homebrew~ The Simpsons Trivia,Homebrew,16,1,local,1,Simpsons Trivia (World) (v1.02) (Aftermarket) (Unl),4,Simpsons Trivia (World) (v1.02) (Aftermarket) (Unl),0,,"nointro,retroachievements",
14673,~Homebrew~ Flip Flap,Homebrew,10,1,local,1,Flip Flap (World) (Proto) (Aftermarket) (Unl),4,Flip Flap (World) (Proto) (Aftermarket) (Unl),0,,"nointro,retroachievements",
14687,~Homebrew~ Flight of Pigarus,Homebrew,15,1,local,1,Flight of Pigarus (World) (v1.11) (Aftermarket) (Unl),4,Flight of Pigarus (World) (v1.11) (Aftermarket) (Unl),0,,"nointro,retroachievements",
14726,The Addams Family,Official,26,1,local,1,"Addams Family, The (Europe)",4,"Addams Family, The (Europe)",0,,"nointro,retroachievements",
14729,~Homebrew~ Lucky Penguin,Homebrew,6,1,local,1,Lucky Penguin (World) (v1.1) (Aftermarket) (Unl),4,Lucky Penguin (World) (v1.1) (Aftermarket) (Unl),0,,"nointro,retroachievements",
14730,Argos no Juujiken,Official,25,1,local,1,Argos no Juujiken (Japan) (En),4,Argos no Juujiken (Japan) (En),0,,"nointro,retroachievements",
14849,Spider-Man vs. The Kingpin,Official,17,1,local,1,"Spider-Man (USA, Europe, Brazil) (En)",4,"Spider-Man (USA, Europe, Brazil) (En)",0,,"nointro,retroachievements",
16057,Sudoku (Tectoy),Official,20,1,local,1,Sudoku (Brazil) (Mega Drive 4),4,Sudoku (Brazil) (Mega Drive 4),0,,"nointro,retroachievements",
16306,Tangram,Official,6,1,local,1,Tangram (Brazil) (Mega Drive 4),4,Tangram (Brazil) (Mega Drive 4),0,,"nointro,retroachievements",
16375,~Unlicensed~ Super Boy 4,Unlicensed,15,1,local,1,Super Boy 4 (Korea) (En) (Unl),4,Super Boy 4 (Korea) (En) (Unl),0,,"nointro,retroachievements",
17799,James Bond 007: The Duel,Official,28,1,local,1,James Bond 007 - The Duel (Europe),4,James Bond 007 - The Duel (Europe),0,,"nointro,retroachievements",
18048,~Hack~ Alex Kidd 3: Curse in Miracle World,Hack,60,5,local,5,"Alex Kidd 3 - Curse in Miracle World (World) (En) (v1.1) (Aftermarket) (Unl),Alex Kidd 3 - Curse in Miracle World (World) (De) (v1.2) (Aftermarket) (Unl),Alex Kidd 3 - Curse in Miracle World (World) (Es) (v1.1) (Aftermarket) (Unl),Alex Kidd 3 - Curse in Miracle World (World) (Pt) (v1.1) (Aftermarket) (Unl),Alex Kidd 3 - Curse in Miracle World (World) (Fr) (v1.1) (Aftermarket) (Unl)",20,"Alex Kidd 3 - Curse in Miracle World (World) (En) (v1.1) (Aftermarket) (Unl),Alex Kidd 3 - Curse in Miracle World (World) (De) (v1.2) (Aftermarket) (Unl),Alex Kidd 3 - Curse in Miracle World (World) (Es) (v1.1) (Aftermarket) (Unl),Alex Kidd 3 - Curse in Miracle World (World) (Pt) (v1.1) (Aftermarket) (Unl),Alex Kidd 3 - Curse in Miracle World (World) (Fr) (v1.1) (Aftermarket) (Unl)",0,,"nointro,retroachievements",
19001,Great Soccer,Official,8,1,local,1,Great Soccer (Europe),4,Great Soccer (Europe),0,,nointro,
20289,Mortal Kombat 3,Official,48,1,local,1,Mortal Kombat 3 (Brazil) (En),4,Mortal Kombat 3 (Brazil) (En),0,,"nointro,retroachievements",
20480,The Lion King,Official,23,1,local,1,"Lion King, The (Europe, Brazil) (En)",4,"Lion King, The (Europe, Brazil) (En)",0,,"nointro,retroachievements",
20489,~Homebrew~ DONKEY.SMS,Homebrew,10,1,local,1,Donkey (World) (v1.2) (Aftermarket) (Unl),4,Donkey (World) (v1.2) (Aftermarket) (Unl),0,,"nointro,retroachievements",
20601,Mickey's Ultimate Challenge,Official,17,1,local,1,Mickey's Ultimate Challenge (Brazil) (En),4,Mickey's Ultimate Challenge (Brazil) (En),0,,"nointro,retroachievements",
22067,~Hack~ Voyage: A Sorceress Vacation,Hack,38,1,local,1,Voyage - A Sorceress' Vacation (World) (v1.05) (Digital) (Aftermarket) (Unl),4,Voyage - A Sorceress' Vacation (World) (v1.05) (Digital) (Aftermarket) (Unl),0,,nointro,
22138,~Homebrew~ Heroes Against Demons,Homebrew,22,1,local,1,Heroes Against Demons (World) (v1.04b) (Aftermarket) (Unl),4,Heroes Against Demons (World) (v1.04b) (Aftermarket) (Unl),0,,"nointro,retroachievements",
22140,~Homebrew~ WekaInvaders,Homebrew,18,1,local,1,Weka Invaders (World) (Aftermarket) (Unl),4,Weka Invaders (World) (Aftermarket) (Unl),0,,"nointro,retroachievements",
22555,~Homebrew~ 2048,Homebrew,11,1,local,1,2048 (World) (v1.02) (Aftermarket) (Unl),4,2048 (World) (v1.02) (Aftermarket) (Unl),0,,"nointro,retroachievements",
24004,~Unlicensed~ The Dinosaur Dooley,Unlicensed,10,1,local,1,"Dinosaur Dooley, The (Korea) (En) (Unl)",4,"Dinosaur Dooley, The (Korea) (En) (Unl)",0,,"nointro,retroachievements",
24230,~Homebrew~ ~Prototype~ Extreme Volleyball Infernal League,Homebrew/Prototype,10,1,local,1,Extreme Volleyball - Infernal League (World) (v1.06) (Aftermarket) (Unl),4,Extreme Volleyball - Infernal League (World) (v1.06) (Aftermarket) (Unl),0,,"nointro,retroachievements",
24990,Tecmo World Cup '93,Official,14,1,local,1,Tecmo World Cup '93 (Europe),4,Tecmo World Cup '93 (Europe),0,,"nointro,retroachievements",
25324,~Homebrew~ Vexed,Homebrew,25,1,local,1,Vexed (World) (v1.15) (Aftermarket) (Unl),4,Vexed (World) (v1.15) (Aftermarket) (Unl),0,,"nointro,retroachievements",
25342,~Homebrew~ Segle,Homebrew,6,1,local,1,Segle (World) (Proto) (Aftermarket) (Unl),4,Segle (World) (Proto) (Aftermarket) (Unl),0,,"nointro,retroachievements",
25809,~Homebrew~ Monaco Master,Homebrew,16,1,local,1,Monaco Master (World) (v2.9.1) (Aftermarket) (Unl),4,Monaco Master (World) (v2.9.1) (Aftermarket) (Unl),0,,"nointro,retroachievements",
26008,~Homebrew~ Mini MSX,Homebrew,18,1,local,1,Mini MSX (World) (Aftermarket) (Unl),4,Mini MSX (World) (Aftermarket) (Unl),0,,"nointro,retroachievements",
26281,FIFA International Soccer,Official,6,1,local,1,"FIFA International Soccer (Brazil) (En,Es,Pt)",4,"FIFA International Soccer (Brazil) (En,Es,Pt)",0,,nointro,
26904,Putt & Putter,Official,17,1,local,1,"Putt & Putter (Europe, Brazil) (En)",4,"Putt & Putter (Europe, Brazil) (En)",0,,nointro,
27244,The Smurfs,Official,28,1,local,1,"Smurfs, The (Europe, Brazil) (En,Fr,De,Es)",4,"Smurfs, The (Europe, Brazil) (En,Fr,De,Es)",0,,nointro,
28167,~Homebrew~ Shootagem,Homebrew,9,1,local,1,Shootagem (World) (Aftermarket) (Unl),4,Shootagem (World) (Aftermarket) (Unl),0,,"nointro,retroachievements",
30460,Olympic Gold: Barcelona '92,Official,28,1,local,1,"Olympic Gold (Europe) (En,Fr,De,Es,It,Nl,Pt,Sv)",4,"Olympic Gold (Europe) (En,Fr,De,Es,It,Nl,Pt,Sv)",0,,nointro,
32662,~Unlicensed~ Suho Jeonsa,Unlicensed,19,1,local,1,Suho Jeonsa (Korea) (Unl),4,Suho Jeonsa (Korea) (Unl),0,,nointro,
36734,~Homebrew~ Ring Dash SMS,Homebrew,9,1,local,1,Ring Dash SMS (World) (v1.02) (Aftermarket) (Unl),4,Ring Dash SMS (World) (v1.02) (Aftermarket) (Unl),0,,nointro,
36742,~Unlicensed~ Janggun-ui Adeul,Unlicensed,12,1,local,1,Janggun-ui Adeul (Korea) (Unl),4,Janggun-ui Adeul (Korea) (Unl),0,,"nointro,retroachievements",
37773,~Hack~ Sonic the Hedgehog 2: Frenzy,Hack,19,1,unmatched,0,,0,,0,,,
38435,~Unlicensed~ Toto World 3,Unlicensed,14,1,local,1,Toto World 3 (Korea) (En) (Unl),4,Toto World 3 (Korea) (En) (Unl),0,,nointro,
38489,~Hack~ Alex Kidd in Mushroom World,Hack,9,1,unmatched,0,,0,,0,,,
